"<img src=""office_211020/01_0101.jpg"" />","<img src=""office_211020/01_0102.jpg"" />"
"<img src=""office_211020/01_0201.jpg"" />","<img src=""office_211020/01_0202.jpg"" />"
"<img src=""office_211020/01_0301.jpg"" />","<img src=""office_211020/01_0302.jpg"" />"
"<img src=""office_211020/01_0701.jpg"" />","<img src=""office_211020/01_0702.jpg"" />"
"<img src=""office_211020/01_0801.jpg"" />","<img src=""office_211020/01_0802.jpg"" />"
"<img src=""office_211020/01_0901.jpg"" />","<img src=""office_211020/01_0902.jpg"" />"
"<img src=""office_211020/02_0101.jpg"" />","<img src=""office_211020/02_0102.jpg"" />"
"<img src=""office_211020/02_0201.jpg"" />","<img src=""office_211020/02_0202.jpg"" />"
"<img src=""office_211020/02_0301.jpg"" />","<img src=""office_211020/02_0302.jpg"" />"
"<img src=""office_211020/02_0401.jpg"" />","<img src=""office_211020/02_0402.jpg"" />"
"<img src=""office_211020/02_0501.jpg"" />","<img src=""office_211020/02_0502.jpg"" />"
"<img src=""office_211020/02_0601.jpg"" />","<img src=""office_211020/02_0602.jpg"" />"
"<img src=""office_211020/02_0701.jpg"" />","<img src=""office_211020/02_0702.jpg"" />"
"<img src=""office_211020/02_0801.jpg"" />","<img src=""office_211020/02_0802.jpg"" />"
"<img src=""office_211020/02_0901.jpg"" />","<img src=""office_211020/02_0902.jpg"" />"
